http://placehold.it/100x100|Lorem|Lorem ipsum dolor sit amet, consectetur adipiscing elit. Praesent in justo nec lacus ultricies sodales. Nulla facilisi. Vestibulum malesuada elementum ipsum id cursus. Mauris venenatis enim ac nisl eleifend, id tempor lacus gravida. In at justo aliquam, laoreet magna quis, vestibulum lectus. Aliquam luctus enim sed lorem malesuada pretium quis eget nulla. Curabitur in tempor urna. Sed sit amet posuere nisi, id commodo turpis. Sed sed leo eget turpis malesuada fringilla. Etiam ac nibh tristique, ornare sapien sit amet, feugiat ante. Ut ante neque, convallis quis urna vitae, varius rutrum velit. Suspendisse justo neque, ullamcorper sit amet pellentesque sed, scelerisque vel erat. Cras metus ex, posuere nec nunc nec, eleifend ornare leo.
http://placehold.it/100x100|ipsum|Aliquam auctor odio enim, ut ultrices eros laoreet eu. Curabitur dictum, nunc ut posuere congue, metus dui vulputate erat, sit amet pellentesque ante odio ut risus. Fusce convallis pharetra libero, in lobortis lacus tincidunt at. Morbi non libero sit amet felis condimentum molestie. Nulla non dolor vel felis scelerisque elementum a ut nisl. Vestibulum mi arcu, sagittis sit amet porta nec, convallis sit amet turpis. Cras vitae elit at dui finibus pretium et eu dui. Sed aliquet nunc sed justo congue, at aliquet quam gravida. Nunc porta nisi leo, ac congue quam iaculis et. Integer hendrerit tincidunt augue non condimentum. Mauris in ante est. Phasellus molestie magna non interdum elementum. In hendrerit risus nec tellus vulputate, ut varius sapien laoreet. Nunc semper, est id tincidunt laoreet, urna erat laoreet tellus, sit amet hendrerit mauris lectus id dui.
http://placehold.it/100x100|dolor|Cras ipsum enim, ullamcorper vel ornare id, aliquet et tortor. Vivamus pretium ex eget enim iaculis, in placerat arcu fringilla. Vestibulum quis massa sit amet nisl dapibus hendrerit nec et justo. Aliquam lacinia nulla et arcu iaculis convallis. Proin eleifend, arcu feugiat maximus placerat, mi felis venenatis lacus, ut rhoncus eros ligula dapibus enim. Vivamus viverra orci urna, et rhoncus sapien semper in. Donec pellentesque magna at volutpat luctus.
http://placehold.it/100x100|sit|Aenean volutpat, mauris vel bibendum commodo, eros lorem viverra enim, sed pretium dolor urna vel libero. Vestibulum ante ipsum primis in faucibus orci luctus et ultrices posuere cubilia Curae; Duis luctus dolor vitae dolor pulvinar, in ultricies urna convallis. Maecenas sollicitudin egestas luctus. Praesent id malesuada lectus. Quisque dui lectus, placerat ac laoreet quis, ultricies in augue. Curabitur posuere, justo id hendrerit pellentesque, nunc enim posuere leo, eget tincidunt lacus arcu id velit. In lorem metus, porta ac metus et, pellentesque accumsan erat. Praesent ultrices mi congue lectus mollis, in aliquam urna gravida. Cras auctor nec ligula eu fermentum. Suspendisse viverra non lorem auctor dictum. Mauris pharetra erat in libero aliquet volutpat. Nunc aliquet diam eu erat ornare vehicula non non lacus. Quisque volutpat pulvinar nulla, auctor suscipit odio ornare a. Suspendisse elementum sed nibh nec faucibus. Duis magna orci, tempor a nulla quis, iaculis mollis felis.
http://placehold.it/100x100|amet|Aliquam in ex fermentum, feugiat elit nec, euismod purus. Donec vestibulum condimentum orci, vitae luctus purus blandit non. Sed et enim lectus. Lorem ipsum dolor sit amet, consectetur adipiscing elit. In pharetra tristique tellus, eget imperdiet dui aliquam in. Nunc a egestas nunc. Donec nec vestibulum nulla. Morbi aliquet dapibus consequat. Aliquam bibendum urna nec enim vestibulum, interdum molestie elit sollicitudin.
http://placehold.it/100x100|consectetur|Sed euismod, sem ornare scelerisque bibendum, mi nisl interdum odio, sed egestas ex mi vel arcu. Donec sit amet nibh condimentum, sollicitudin massa vel, luctus nisi. Nam eleifend risus in vestibulum elementum. Sed euismod nisl vitae nulla tincidunt sagittis. Praesent imperdiet, dolor at vulputate gravida, metus erat tincidunt augue, nec aliquam turpis eros in tortor. Nam quis posuere justo. Nullam aliquam quam et tellus maximus, eu semper eros iaculis. Ut nec dolor quis justo semper maximus ac sed dui.
http://placehold.it/100x100|adipiscing|Suspendisse a diam pharetra, laoreet metus eget, dictum massa. Donec pulvinar tortor eu nisi scelerisque pharetra sed et nibh. Praesent quis porta dolor. Mauris porttitor, eros quis rhoncus dapibus, augue magna porttitor turpis, at suscipit orci magna vitae tellus. Aliquam erat volutpat. Nam ut malesuada quam. Donec dapibus ligula quis lorem hendrerit condimentum. Suspendisse egestas at urna ut eleifend. Fusce malesuada ac est vitae sodales. Ut dapibus neque varius lectus accumsan elementum. Nam vitae mollis elit. Fusce nisl nisl, suscipit non nulla id, tincidunt vulputate odio. Sed viverra sem velit, pellentesque iaculis enim suscipit quis. Pellentesque habitant morbi tristique senectus et netus et malesuada fames ac turpis egestas.
http://placehold.it/100x100|elit|Suspendisse quis euismod lectus. Maecenas in erat quis nibh pretium molestie. Etiam lobortis vitae libero quis gravida. Ut a iaculis ante, nec sagittis sem. Pellentesque vitae euismod libero. Nullam lobortis lorem a quam consectetur, eu blandit ante bibendum. Vestibulum eget fermentum ante. Vestibulum eget ultrices turpis, sed porttitor sem. Pellentesque luctus nulla justo, eget aliquet turpis ultrices a. Quisque congue orci sed urna ornare molestie. In hac habitasse platea dictumst. Ut lacus nisl, porta non dui vitae, rutrum aliquet odio. Vivamus lorem lectus, vehicula et sagittis sit amet, facilisis ac velit. Phasellus mi ex, efficitur sit amet convallis sit amet, tempus vitae augue. Pellentesque consectetur sodales tellus, sit amet commodo massa sollicitudin ut.
http://placehold.it/100x100|Aliquam|Nunc eu massa leo. Ut ultrices posuere erat, ut iaculis erat accumsan sed. Suspendisse potenti. Donec consequat in nulla eget pellentesque. Vivamus vel turpis quam. Nam sit amet mi quis turpis vestibulum ultrices quis at nunc. Fusce vel orci dictum, congue lectus quis, tristique mauris. Suspendisse tristique nec tellus id fringilla.
http://placehold.it/100x100|porta|Fusce tincidunt magna in neque laoreet dapibus. Aliquam et dui ac urna vehicula lacinia sed vitae libero. Praesent nulla magna, venenatis a tempor nec, accumsan nec sapien. Nam et egestas dui, ut ultrices lectus. Pellentesque erat tortor, gravida quis ipsum eget, laoreet auctor dui. In id ultrices magna, sit amet auctor lorem. Nulla eget leo eget nulla blandit lacinia.
http://placehold.it/100x100|rhoncus|Fusce malesuada mauris ipsum, vel ultricies eros suscipit id. Integer eget cursus dolor, quis mollis nulla. Cras vel lobortis nisi, nec interdum eros. Mauris ligula mauris, suscipit ac aliquam ac, vehicula id risus. Donec sit amet laoreet nisl. Mauris vulputate scelerisque nisl. Donec ornare tortor odio, non fringilla augue dignissim sit amet. Aliquam consectetur justo nunc, eu ultrices sem vulputate sed.
http://placehold.it/100x100|arcu|Mauris vitae volutpat elit. Nullam erat tellus, facilisis sed turpis eu, congue porttitor sapien. Aenean ut rhoncus diam, a gravida erat. Nam quis nulla tempor, laoreet mi eget, malesuada diam. Suspendisse in metus lectus. Fusce at fringilla ex. Praesent sagittis, urna ac tincidunt tristique, libero felis consectetur velit, a finibus magna purus feugiat ligula. Morbi vestibulum, velit in condimentum finibus, quam odio euismod tellus, ac tincidunt libero sem quis nulla. Class aptent taciti sociosqu ad litora torquent per conubia nostra, per inceptos himenaeos. Praesent eleifend in enim vel accumsan. Curabitur neque turpis, volutpat non nulla et, porta aliquam sapien. Pellentesque a massa tempor, mollis elit id, consequat nibh.
http://placehold.it/100x100|vitae|Duis convallis, neque eget iaculis mollis, nulla ante egestas mi, pretium gravida libero velit in ligula. Proin hendrerit metus facilisis, condimentum nibh eget, porta mauris. Duis convallis tortor vitae elit dignissim fringilla. Proin nisi risus, rhoncus in faucibus nec, accumsan eu erat. Suspendisse ac viverra quam. Etiam in facilisis dolor. Sed gravida, lorem sed vulputate fermentum, erat turpis fringilla nisi, quis gravida elit quam ac dolor. Maecenas nec turpis eu nisi ultricies commodo nec nec ante. Cras id dui id augue faucibus interdum. Maecenas ut egestas eros. Vivamus venenatis sollicitudin est vitae hendrerit.
http://placehold.it/100x100|ultrices|Suspendisse odio est, dictum in porttitor eget, convallis in neque. Proin eleifend augue nec ex bibendum sollicitudin. Praesent convallis in justo eget dignissim. Pellentesque quis efficitur nisl, nec malesuada velit. Nunc ornare feugiat magna nec finibus. Pellentesque eu feugiat nulla. Aliquam velit enim, varius et tempor sit amet, dictum non dolor. Etiam est mauris, varius ac vestibulum vel, feugiat eu felis. Nunc pretium, magna quis feugiat feugiat, odio augue sagittis urna, in eleifend tortor est a felis. Curabitur maximus lacinia ultricies. Fusce non ante ultrices, elementum orci id, luctus urna. Sed hendrerit faucibus magna nec vulputate. Duis tincidunt ultrices tellus, ac fringilla lectus pharetra ac. Maecenas fermentum, elit eu sagittis lacinia, neque risus bibendum urna, nec luctus quam tellus in lacus. Duis augue nulla, pretium vitae ultricies vel, auctor et odio.
http://placehold.it/100x100|arcu|Nam maximus tincidunt accumsan. Maecenas sollicitudin pulvinar metus ut dapibus. Sed pulvinar aliquam scelerisque. Nulla sapien ligula, bibendum vitae justo condimentum, mollis placerat lectus. Nunc laoreet sollicitudin est, eu tempor velit mollis et. Cras sollicitudin iaculis magna id semper. Interdum et malesuada fames ac ante ipsum primis in faucibus. Cras purus felis, consectetur at augue vitae, ornare commodo lacus.
http://placehold.it/100x100|tincidunt|Phasellus erat quam, viverra pretium massa nec, aliquet varius lacus. In ac posuere massa, nec tempus tortor. Duis augue diam, vehicula vestibulum lacinia in, vulputate quis diam. Maecenas pulvinar ultricies velit a porttitor. Proin a faucibus turpis. Praesent sem est, tincidunt sit amet nulla ut, blandit semper lorem. Maecenas nec lectus massa.
http://placehold.it/100x100|sed|In porta ex urna, suscipit bibendum nisi mollis vel. Nunc consequat posuere dolor. Aliquam erat volutpat. Pellentesque tristique, nisi eu imperdiet ultricies, erat ipsum tristique dui, nec varius dolor dolor vitae orci. Vestibulum consectetur rhoncus maximus. Mauris at consectetur eros, ut imperdiet magna. Nunc in velit nisi. Suspendisse vitae elementum nisl. Donec a ipsum nibh. Vivamus eu pellentesque ex.
http://placehold.it/100x100|Morbi|Vivamus finibus lorem quis nisl tincidunt, non feugiat nibh maximus. Etiam quis imperdiet neque, eu blandit purus. Suspendisse vel ullamcorper magna. Proin ex eros, facilisis in quam eu, feugiat varius urna. Nulla eros nibh, rhoncus nec fermentum nec, sodales ac sem. Fusce convallis tristique arcu, pharetra dapibus velit bibendum ac. Praesent vel finibus ex. Fusce in malesuada enim, quis euismod enim. Pellentesque et risus laoreet, congue enim vitae, luctus lectus. Donec at ligula in justo mattis tincidunt laoreet at justo. Nulla facilisi. Nam elementum ipsum sit amet neque ornare, in ullamcorper velit faucibus. Proin vel accumsan tortor. Nam euismod finibus urna sed eleifend. Nullam sed turpis orci. Nam elit nisl, molestie eu scelerisque id, efficitur ultricies arcu.
http://placehold.it/100x100|sed|Praesent dolor enim, pulvinar ac tellus eu, molestie pretium diam. Nunc id fringilla mi, eu blandit nisl. Praesent feugiat ullamcorper bibendum. Aenean quis gravida nulla. Nam posuere ut turpis in venenatis. Nulla facilisi. Etiam semper, sapien eget volutpat sodales, erat lectus placerat turpis, et pharetra ex nisl ac tellus. Pellentesque commodo neque nec pretium rutrum. Nulla cursus orci nec dignissim bibendum. Maecenas sapien leo, eleifend eu auctor bibendum, dignissim sed erat. Pellentesque sit amet mattis eros, ac tempor orci. Sed ac viverra augue, vitae vestibulum purus. Maecenas ut tellus non nulla aliquet interdum et eu erat. Integer auctor tellus at volutpat ultrices. Pellentesque pulvinar enim nec porttitor viverra.
http://placehold.it/100x100|tincidunt|Vivamus quis est eu dui mollis scelerisque sed in enim. Mauris hendrerit, magna nec dictum bibendum, tortor tellus vestibulum dui, pulvinar ultricies leo nibh id ligula. Ut sodales eros ac nisl lobortis vulputate. Proin in malesuada elit. Aenean nec sapien felis. Donec pretium magna id euismod scelerisque. Ut semper vel sapien ac faucibus. Suspendisse ac nisl fringilla, volutpat justo at, fringilla libero. Aenean feugiat est sem, eget mattis sapien rhoncus in. Interdum et malesuada fames ac ante ipsum primis in faucibus. Quisque non risus pulvinar, luctus est quis, condimentum nisl. Aliquam erat volutpat. Donec interdum efficitur nisi, sit amet ultrices ex porta id. Curabitur sapien lorem, porta ut pretium a, dictum id enim.
http://placehold.it/100x100|enim|Vestibulum ante ipsum primis in faucibus orci luctus et ultrices posuere cubilia Curae; Aliquam quis velit in eros ornare blandit. Nam malesuada magna velit, vel varius est condimentum ut. Praesent id orci erat. Ut vehicula aliquam ipsum ac congue. Nunc sagittis augue a felis viverra consectetur. Pellentesque mollis massa et massa congue, id varius ipsum convallis. Cras cursus in nulla a viverra.
http://placehold.it/100x100|Suspendisse|Maecenas justo justo, bibendum id urna vitae, dignissim vestibulum diam. Nam luctus dictum nunc sit amet imperdiet. Pellentesque sodales tortor neque, sed convallis purus auctor sit amet. Ut nec eleifend ligula. Duis tristique, leo nec varius aliquet, erat erat gravida quam, et dignissim augue quam in sapien. Integer fermentum erat ut leo venenatis tristique. Lorem ipsum dolor sit amet, consectetur adipiscing elit.
http://placehold.it/100x100|interdum|Vestibulum congue neque vitae fringilla egestas. Mauris faucibus lobortis purus vitae laoreet. Sed non blandit ex, nec commodo lectus. Etiam vel nibh varius neque tempor consequat in id sem. Nam a consectetur nibh, eget vestibulum odio. Curabitur vitae laoreet mauris. Nulla auctor dictum risus, nec sodales sem hendrerit in. Proin ultricies nunc in ligula blandit auctor a sit amet neque. Quisque tempus, eros quis tempus facilisis, nunc ipsum facilisis turpis, eu convallis leo sem id libero.
http://placehold.it/100x100|est|Proin ut nunc efficitur, ultrices nulla sed, laoreet metus. Donec nec posuere risus. Quisque lobortis nulla nec congue porttitor. Phasellus cursus sagittis hendrerit. Sed bibendum urna nulla, vel porttitor dolor ultrices nec. Mauris a leo luctus, laoreet mauris non, congue magna. Sed convallis dolor sed risus eleifend ultricies. Mauris dignissim nibh non sem ultrices porttitor. Suspendisse lacus sapien, commodo vitae feugiat nec, accumsan eget arcu. Suspendisse potenti.
http://placehold.it/100x100|dui|In vulputate fringilla efficitur. Sed vitae ante sem. In tempus convallis nisi, nec dictum dui vulputate id. Cras congue ultricies pulvinar. Nam at venenatis leo. Donec nec malesuada est. Morbi quis lorem tincidunt, laoreet dolor in, volutpat turpis. Nullam lectus ante, convallis tristique posuere at, condimentum sit amet justo. Pellentesque congue sagittis erat eget eleifend. Duis diam leo, volutpat at mauris nec, auctor fermentum justo. Nullam bibendum, metus dignissim semper interdum, augue enim molestie purus, in mollis metus tellus et sapien. In vitae malesuada tellus. Curabitur a quam justo. Mauris at velit quis dui auctor cursus. Praesent mauris nisi, facilisis at dignissim non, posuere at ante.
http://placehold.it/100x100|Donec|Sed felis enim, consequat blandit diam at, ultrices congue ipsum. Curabitur sit amet ultricies urna. Phasellus orci risus, lacinia vel libero malesuada, rutrum sollicitudin lectus. Phasellus tempor leo vel lacus viverra consequat. Quisque sodales, velit sed ultricies pharetra, ligula neque vulputate massa, non pulvinar massa risus ac massa. Donec lacinia congue eros id auctor. Etiam et lorem ullamcorper, hendrerit leo convallis, feugiat erat. Curabitur eget volutpat nulla, efficitur lobortis nulla. Mauris urna turpis, semper eget ultricies consequat, volutpat eget urna. Cras elementum, mauris nec tristique accumsan, urna ligula hendrerit orci, ut maximus sapien eros vitae nulla. Ut pellentesque feugiat nisi, a ultrices leo volutpat et.
http://placehold.it/100x100|sagittis|Mauris eu metus quis lectus eleifend vehicula. Vivamus porta orci a nulla rutrum sagittis eget id lacus. Ut ullamcorper condimentum tristique. Ut tortor odio, cursus in aliquet dignissim, viverra at neque. Suspendisse convallis fringilla justo, eu molestie odio imperdiet sit amet. Nullam ipsum massa, accumsan ac ornare ut, venenatis vitae odio. Suspendisse potenti. Aliquam convallis vel mauris non ultricies. Etiam condimentum euismod mauris, a varius dolor interdum et. Duis faucibus ut felis vel venenatis. Sed mattis nulla eget nulla scelerisque laoreet.
http://placehold.it/100x100|felis|Donec lobortis volutpat sem nec dapibus. Pellentesque in nisi pellentesque, lobortis dui sed, dignissim nisl. Class aptent taciti sociosqu ad litora torquent per conubia nostra, per inceptos himenaeos. Morbi pharetra sed erat eget iaculis. Nulla sed eros sapien. Donec eget magna bibendum, viverra velit vel, ultricies lectus. In pretium elit in egestas hendrerit.
http://placehold.it/100x100|ac|Phasellus augue nisl, tincidunt id sodales sit amet, consequat in odio. Vivamus cursus porta pharetra. Aenean tempus est odio, a pellentesque est vulputate quis. Etiam venenatis metus augue, eget semper nulla tempus sed. Vestibulum sollicitudin facilisis est sed fermentum. Phasellus magna sem, tincidunt vel dolor at, vulputate gravida elit. Nullam massa arcu, imperdiet ut luctus eu, vulputate at quam. Nullam laoreet tincidunt odio.
http://placehold.it/100x100|lobortis|Pellentesque quis enim elementum, mollis elit id, commodo elit. Sed viverra et tortor vel lobortis. Pellentesque lobortis massa purus. Class aptent taciti sociosqu ad litora torquent per conubia nostra, per inceptos himenaeos. Donec est enim, congue vel finibus quis, elementum et sem. Suspendisse venenatis, risus non aliquet vulputate, purus augue imperdiet nunc, in sagittis nisl urna aliquet mauris. Suspendisse magna dui, faucibus nec metus a, dictum porttitor nunc. Nulla facilisi. Ut consectetur dictum pharetra. Vestibulum commodo massa et finibus sagittis. Proin tincidunt ipsum id quam aliquet efficitur. Praesent condimentum lorem in enim scelerisque, in ullamcorper eros pretium. Etiam imperdiet arcu vitae consectetur vulputate. Nunc orci velit, convallis quis ipsum facilisis, condimentum condimentum erat. Phasellus pharetra euismod diam.
http://placehold.it/100x100|malesuada|Maecenas vestibulum fermentum nulla at molestie. Nullam convallis, augue eget imperdiet condimentum, arcu turpis congue turpis, ut ornare turpis libero quis odio. Phasellus magna tellus, bibendum eu fringilla vitae, consectetur et metus. Cras ac ipsum nec augue pretium luctus et nec nulla. Quisque non urna lorem. Maecenas sit amet varius felis, ac posuere nibh. Vivamus nec odio gravida, dignissim odio eu, facilisis enim.
http://placehold.it/100x100|Donec|Vivamus nibh velit, malesuada id tellus eu, dictum elementum sem. Vestibulum ante ipsum primis in faucibus orci luctus et ultrices posuere cubilia Curae; Nulla imperdiet consequat orci. Sed fringilla nibh non metus commodo porta. Nunc non ante sit amet metus malesuada accumsan. Praesent volutpat blandit massa eget vehicula. Interdum et malesuada fames ac ante ipsum primis in faucibus. Phasellus ultrices tellus magna, semper condimentum nunc tempus a. In justo turpis, lobortis a pulvinar quis, malesuada vitae augue. Morbi sit amet quam a massa dictum sodales id a dolor. Sed tristique, ipsum a ullamcorper consectetur, lorem magna pharetra magna, a bibendum nisi lacus nec purus. Mauris laoreet ante in cursus fermentum. Class aptent taciti sociosqu ad litora torquent per conubia nostra, per inceptos himenaeos. Etiam vel efficitur justo. Vestibulum venenatis dui augue, id bibendum elit interdum et. Aliquam pulvinar risus leo, eget gravida nisl imperdiet in.
http://placehold.it/100x100|tortor|Quisque maximus libero eu turpis molestie facilisis. Curabitur vel ipsum urna. Maecenas ultrices varius vulputate. Pellentesque lacinia erat non dolor efficitur egestas. Proin quis ligula aliquam, laoreet nibh vitae, dictum ex. Nunc sed libero mauris. Quisque luctus nunc ut sem pharetra efficitur. Maecenas non nisl non orci luctus faucibus eu non lorem. Cras eleifend purus non euismod aliquet. Cras molestie auctor neque, id faucibus augue. In convallis est eget risus congue, non viverra nulla scelerisque. Aliquam posuere lacus neque, et gravida mauris sodales ac. Aliquam vehicula, metus sed dignissim vehicula, turpis felis mattis metus, quis consectetur erat felis in neque.
http://placehold.it/100x100|purus|Nam ut est posuere, aliquet mi eu, laoreet turpis. Vestibulum varius rutrum magna non interdum. Nulla leo risus, ullamcorper eu arcu at, iaculis malesuada sem. Donec eget neque semper, facilisis turpis sit amet, rutrum tellus. Aliquam fringilla dolor feugiat arcu finibus, eget laoreet ante congue. Donec ut felis rutrum, venenatis turpis id, fermentum dolor. Aliquam tristique, mauris sit amet viverra efficitur, leo ex lobortis lectus, ut venenatis diam velit vitae tortor. Quisque ac urna enim. Sed ex felis, porta non volutpat at, commodo eu ex. Sed posuere pulvinar mi, a pharetra orci rutrum at.
http://placehold.it/100x100|gravida|Sed rutrum libero augue, a auctor lectus lacinia placerat. Fusce a erat ut nibh vulputate cursus a quis tortor. Integer sapien massa, volutpat ut rutrum non, congue ut ex. Fusce quis magna nisl. Praesent mollis, nisi ut dapibus imperdiet, ex elit commodo dolor, sit amet dignissim odio metus id velit. Donec et blandit tortor, id rhoncus turpis. Proin gravida aliquet nibh, et ornare lectus sagittis quis.
http://placehold.it/100x100|a|Aliquam luctus fringilla justo vel maximus. In metus purus, semper in lorem ac, sollicitudin aliquam nisl. Praesent id nunc vulputate, scelerisque lacus nec, gravida tellus. Morbi varius elit quis lectus congue, eget rutrum lacus vestibulum. Donec dictum lorem at ligula viverra, ac mollis felis fringilla. Nullam tincidunt semper libero sit amet venenatis. Donec vitae ex scelerisque nunc interdum laoreet. Vivamus viverra lorem eu augue vestibulum, in consectetur nisi cursus. Sed tincidunt a mi ac fringilla. Mauris euismod sem eu nibh egestas laoreet. Aliquam accumsan turpis et augue consequat, molestie suscipit leo interdum.
http://placehold.it/100x100|elementum|Class aptent taciti sociosqu ad litora torquent per conubia nostra, per inceptos himenaeos. Nullam non odio venenatis sapien posuere auctor quis ut odio. Duis sed dapibus turpis, volutpat posuere tellus. Praesent feugiat risus eget tellus placerat, nec viverra nibh semper. Pellentesque habitant morbi tristique senectus et netus et malesuada fames ac turpis egestas. Pellentesque habitant morbi tristique senectus et netus et malesuada fames ac turpis egestas. Proin eget metus ullamcorper, accumsan quam et, venenatis neque. Aenean sagittis dui eu pellentesque iaculis. Cras ut felis nibh. Nulla non fermentum ipsum.
http://placehold.it/100x100|vitae|Nulla facilisi. Sed tristique dolor metus, feugiat vestibulum augue condimentum a. Duis tempus velit sed nibh aliquet luctus. Quisque ultricies eros vitae vulputate euismod. Aliquam erat volutpat. Curabitur nisi ligula, vehicula non dui quis, elementum aliquam velit. In varius lobortis faucibus. Duis pharetra porta purus sed bibendum. Proin gravida mi at nibh efficitur imperdiet. Mauris at malesuada massa. Phasellus ornare ligula a tellus vehicula molestie. Ut auctor, purus eu tincidunt commodo, arcu ligula fringilla velit, ac fringilla tellus sem sed dolor. Nam efficitur diam ac lorem rutrum, et molestie sem egestas.
http://placehold.it/100x100|efficitur|Donec quam mauris, feugiat ut porta ac, tempus ac arcu. Morbi ut tristique mauris, vitae posuere metus. Maecenas quam velit, eleifend ut viverra vel, aliquam nec magna. Aenean ultricies molestie libero, ac suscipit turpis blandit id. Sed sollicitudin augue vitae turpis congue semper. Aliquam posuere nunc urna, ac bibendum sem pellentesque vel. Nulla eget sodales eros. Pellentesque ornare sollicitudin ante eget vulputate. Curabitur mi libero, molestie eget velit vel, mattis vulputate tellus. Proin facilisis convallis eros quis vehicula. Vestibulum ultricies mattis nulla vel rhoncus. Aenean eget elit non felis tristique aliquet vitae sit amet massa. Class aptent taciti sociosqu ad litora torquent per conubia nostra, per inceptos himenaeos. Mauris non accumsan felis.
http://placehold.it/100x100|in|Etiam egestas vitae massa vel pulvinar. Donec semper ultricies luctus. Suspendisse id ligula eu magna tincidunt dapibus. Duis sed nisl id nunc finibus ornare. Pellentesque venenatis metus viverra rutrum accumsan. Etiam sed convallis massa, et mattis mi. Nulla non arcu consequat, tempus tellus id, tempus massa. Nullam at risus tortor. Aliquam pharetra mattis arcu a viverra. Proin luctus arcu ut tincidunt mollis. Vivamus lobortis urna aliquam nulla vulputate, sit amet sagittis turpis condimentum. Nunc consectetur ac ipsum quis rhoncus.
http://placehold.it/100x100|nisi|Sed pretium elementum lorem non varius. Donec eget elementum neque. Donec rutrum vel quam a molestie. Nam aliquet placerat mattis. Aenean ornare lobortis imperdiet. Etiam at nibh nisi. Nullam quis augue nec ante vestibulum congue. Nunc blandit ac nisi vel condimentum. Donec posuere quam eros, sed ultrices dui placerat eu.
http://placehold.it/100x100|Phasellus|Duis vitae neque id lorem dictum consectetur eu quis orci. Donec vitae cursus lectus. Suspendisse blandit risus felis, nec eleifend tortor interdum ac. In sit amet nunc venenatis nibh vulputate vestibulum. Aenean feugiat at lectus nec suscipit. Mauris auctor lorem eu nunc vulputate, ut ornare felis auctor. Cras eleifend vulputate diam, ac mollis quam posuere non. Donec hendrerit dapibus arcu, nec malesuada massa scelerisque sit amet. Sed fermentum metus nec enim lobortis sagittis. Donec semper, felis ac volutpat accumsan, velit tellus consectetur nisi, non luctus lectus dui convallis sem. Pellentesque ullamcorper mauris id tempor commodo. Quisque elementum dolor ut semper euismod. Ut sapien risus, rhoncus nec nibh at, hendrerit tincidunt lorem. Etiam ac tortor eu nibh finibus fermentum. Suspendisse at turpis a erat volutpat blandit eget sit amet metus. Mauris dapibus, ipsum sed luctus tincidunt, arcu elit blandit odio, ut finibus sapien arcu ut dolor.
http://placehold.it/100x100|tincidunt|Ut consequat turpis mauris, ac molestie velit vehicula quis. Suspendisse vulputate ex ut urna fringilla tristique. Morbi mollis eu felis in ornare. Donec sed fermentum est. Suspendisse blandit mollis augue, ac mattis metus rhoncus et. Aenean sed velit venenatis, malesuada turpis eget, malesuada velit. Cras metus risus, imperdiet et finibus vitae, accumsan vitae tellus. Maecenas vehicula risus eu nisl consectetur, hendrerit sollicitudin ipsum eleifend. Praesent sit amet est quis orci mattis volutpat in at tellus. Nam quis metus vel est lacinia ultrices et sit amet magna. Duis sapien odio, iaculis sit amet varius sit amet, tristique et sem. Pellentesque volutpat arcu odio, ac tempus magna eleifend eu. Vivamus lectus felis, lacinia sit amet nibh eget, consequat tempor orci. Nullam ut sapien tempor, fermentum neque et, sodales augue.
http://placehold.it/100x100|orci|Curabitur rutrum enim ipsum, id viverra tortor mollis nec. Aenean pulvinar diam arcu, non commodo magna tempor non. Donec at erat at lorem iaculis ultricies ac sed odio. Nam nec tortor vel arcu accumsan porttitor. Phasellus et blandit neque, nec condimentum nisl. Nulla quis magna eget ante malesuada vulputate eu eu purus. Duis in ligula eleifend, varius neque ornare, fermentum mauris. Proin at diam et tortor sollicitudin cursus ac id odio. Cras a risus sit amet neque dignissim fermentum ac sed risus. Vivamus placerat in ipsum eget dignissim.
http://placehold.it/100x100|viverra|Phasellus dapibus felis sapien. Suspendisse viverra purus eu lobortis efficitur. Nullam laoreet metus id elit semper, vitae mattis nisi aliquam. Curabitur suscipit risus sed lectus maximus aliquet. Class aptent taciti sociosqu ad litora torquent per conubia nostra, per inceptos himenaeos. Nam facilisis dictum ex non dictum. Integer sit amet massa nec sapien viverra ullamcorper nec quis diam. Vestibulum sollicitudin at mauris et pharetra. Quisque et est non urna iaculis fringilla. Quisque in viverra mauris. Integer tincidunt ipsum ac ipsum interdum consequat. Nullam a sagittis nisi. Lorem ipsum dolor sit amet, consectetur adipiscing elit. Fusce sit amet accumsan purus.
http://placehold.it/100x100|lobortis|Phasellus finibus aliquet ipsum, quis ullamcorper justo consectetur at. Suspendisse faucibus velit at pellentesque suscipit. Nullam dignissim pellentesque lacus in dictum. Nulla mollis dignissim velit in ullamcorper. Donec sollicitudin, risus sed efficitur tempor, elit metus pellentesque leo, ut ultricies quam lorem eu justo. Phasellus convallis viverra lorem, id accumsan magna feugiat sed. Nullam iaculis enim et dapibus ornare. Nunc non dapibus dui. Praesent ornare, metus ut maximus feugiat, enim velit volutpat nulla, id fringilla lectus sapien non lectus. Nam et elit odio. Sed aliquet dui quis felis pellentesque, ac dapibus libero egestas. Sed id rhoncus lacus. Nunc molestie, ex ac gravida luctus, sem nisi consectetur arcu, quis lacinia eros nisi vitae odio. Quisque lacinia quam ac lorem lacinia, vitae euismod erat venenatis. Donec mi purus, ultricies blandit sem nec, condimentum consectetur mi. Nam efficitur sit amet metus condimentum viverra.
http://placehold.it/100x100|diam|Donec malesuada porta orci ut consequat. Donec vitae ex nunc. Duis et lacus magna. Vestibulum a nunc non eros scelerisque elementum. Nulla a sem et diam finibus vestibulum. Nulla facilisi. Vivamus eget arcu non massa rutrum sagittis.
http://placehold.it/100x100|vitae|Praesent eu laoreet diam. Sed quis imperdiet felis, vitae dapibus turpis. Aliquam tempus, sem sit amet egestas pulvinar, felis ligula tincidunt mauris, ut vehicula enim tortor ut magna. Phasellus nec iaculis neque. Curabitur elementum enim eu blandit venenatis. Vestibulum ante ipsum primis in faucibus orci luctus et ultrices posuere cubilia Curae; Etiam scelerisque dictum lectus, nec posuere ex iaculis in. Aenean quis ex eget mauris malesuada accumsan. Donec in purus non nisi malesuada dictum. Proin ac enim eu felis gravida pharetra ac ut lectus. Donec ullamcorper quis ligula vulputate elementum. Donec quis lobortis elit. Fusce tincidunt sem at quam scelerisque maximus. Suspendisse dictum sagittis ipsum, et bibendum turpis aliquet ac. Quisque gravida tellus massa, vel pulvinar justo elementum ut. Proin scelerisque, dui imperdiet scelerisque faucibus, ligula mi bibendum dui, eget tempor felis orci faucibus sapien.